Date, Phone, Name, Amount
29-04-16,9455622241, Shankara Narasimhan,260
29-04-16,9597628723, Sulya Gupta,90
29-04-16,9640338121, Brahma Swamy,80
29-04-16,9383568793, Vaibhav Mulye,240
29-04-16,9455622241, Shankara Narasimhan,230
29-04-16,9521737322, Riddhi Nair,70
29-04-16,9389644210, Brahma Swamy,80
29-04-16,9603660688, Dhenuka Dhawan,250
29-04-16,9451926724, Sahan Sibal,260
29-04-16,9699939066, Haripriya Nayak,270
29-04-16,9590146908, Sachi Loliyekar,110
29-04-16,9389644210, Brahma Swamy,100
29-04-16,9640338121, Brahma Swamy,240
29-04-16,9236367267, Takshaka Sandal,70
30-04-16,9969345730, Kavi Edwin,210
30-04-16,9389644210, Brahma Swamy,280
30-04-16,9971276037, Pramlocha Comar,210
30-04-16,9241664018, Utathya Ghate,260
30-04-16,9248936762, Arpana Raja,260
30-04-16,9640338121, Brahma Swamy,200
30-04-16,9895408016, Mukul Krishna,180
30-04-16,9241664018, Utathya Ghate,260
30-04-16,9920950009, Rohan Sarma,110
30-04-16,9820224845, Tanika Philip,90
30-04-16,9383568793, Vaibhav Mulye,200
30-04-16,9732082404, Kali Chaudry,290
30-04-16,9534474777, Daeva Tata,70
01-05-16,9389644210, Brahma Swamy,160
01-05-16,9572464275, Salmalin Mehta,100
01-05-16,9688156631, Sahan Oak,200
01-05-16,9236367267, Takshaka Sandal,250
01-05-16,9979209995, Atman Mathur,140
01-05-16,9521737322, Riddhi Nair,140
01-05-16,9265205814, Daeva Peri,180
01-05-16,9267357082, Muni Wasgare,210
01-05-16,9267357082, Muni Wasgare,290
01-05-16,9590146908, Sachi Loliyekar,190
01-05-16,9389644210, Brahma Swamy,290
01-05-16,9241664018, Utathya Ghate,180
02-05-16,9971276037, Pramlocha Comar,80
02-05-16,9920950009, Rohan Sarma,140
02-05-16,9705384480, Latif Chia,70
02-05-16,9252350612, Anushka Mody,150
02-05-16,9688156631, Sahan Oak,290
02-05-16,9359394987, Tarun Mapkar,260
02-05-16,9747425720, Markandeya Barad,100
02-05-16,9389644210, Brahma Swamy,180
02-05-16,9699939066, Haripriya Nayak,110
02-05-16,9590146908, Sachi Loliyekar,220
02-05-16,9820224845, Tanika Philip,220
02-05-16,9747425720, Markandeya Barad,90
03-05-16,9910042819, Shanti Bajwa,100
03-05-16,9518195948, Indra Chaudry,110
03-05-16,9389644210, Brahma Swamy,80
03-05-16,9236367267, Takshaka Sandal,100
03-05-16,9640338121, Brahma Swamy,100
03-05-16,9389644210, Brahma Swamy,120
03-05-16,9453085874, Manu Oza,120
03-05-16,9976945538, Amitabha Kothari,270
03-05-16,9910042819, Shanti Bajwa,280
03-05-16,9389644210, Brahma Swamy,200
03-05-16,9405883814, Gauri Som,220
03-05-16,9252350612, Anushka Mody,170
04-05-16,9453085874, Manu Oza,120
04-05-16,9640338121, Brahma Swamy,150
04-05-16,9927277067, Ranjan Khare,80
04-05-16,9910042819, Shanti Bajwa,250
04-05-16,9389644210, Brahma Swamy,200
04-05-16,9293117791, Kumara Nayak,250
04-05-16,9976945538, Amitabha Kothari,110
04-05-16,9518195948, Indra Chaudry,200
04-05-16,9518195948, Indra Chaudry,130
04-05-16,9389644210, Brahma Swamy,140
04-05-16,9521737322, Riddhi Nair,120
04-05-16,9920950009, Rohan Sarma,120
04-05-16,9597628723, Sulya Gupta,140
04-05-16,9534474777, Daeva Tata,70
04-05-16,9009381182, Mira Reddy,240
04-05-16,9009381182, Mira Reddy,160
04-05-16,9236367267, Takshaka Sandal,150
04-05-16,9265205814, Daeva Peri,180
05-05-16,9451926724, Sahan Sibal,170
05-05-16,9504662177, Tara Menon,230
05-05-16,9455622241, Shankara Narasimhan,200
05-05-16,9927277067, Ranjan Khare,110
05-05-16,9521737322, Riddhi Nair,90
05-05-16,9252350612, Anushka Mody,120
05-05-16,9699939066, Haripriya Nayak,70
05-05-16,9150159527, Leya Sankaran,270
05-05-16,9389644210, Brahma Swamy,240
05-05-16,9733555024, Nirav Khalsa,110
05-05-16,9236367267, Takshaka Sandal,200
05-05-16,9241664018, Utathya Ghate,260
06-05-16,9455622241, Shankara Narasimhan,210
06-05-16,9389644210, Brahma Swamy,250
06-05-16,9705384480, Latif Chia,160
06-05-16,9359394987, Tarun Mapkar,100
06-05-16,9688156631, Sahan Oak,210
06-05-16,9688156631, Sahan Oak,280
06-05-16,9389644210, Brahma Swamy,110
06-05-16,9699939066, Haripriya Nayak,130
06-05-16,9389644210, Brahma Swamy,110
06-05-16,9389644210, Brahma Swamy,90
06-05-16,9597628723, Sulya Gupta,190
06-05-16,9521737322, Riddhi Nair,140
06-05-16,9451926724, Sahan Sibal,230
06-05-16,9403313898, Adri Dave,210
06-05-16,9895408016, Mukul Krishna,240
06-05-16,9504662177, Tara Menon,140
07-05-16,9389644210, Brahma Swamy,140
07-05-16,9699939066, Haripriya Nayak,280
07-05-16,9732082404, Kali Chaudry,130
07-05-16,9150159527, Leya Sankaran,250
07-05-16,9820224845, Tanika Philip,290
07-05-16,9248936762, Arpana Raja,260
07-05-16,9293117791, Kumara Nayak,200
07-05-16,9640338121, Brahma Swamy,200
07-05-16,9732082404, Kali Chaudry,280
07-05-16,9265205814, Daeva Peri,70
07-05-16,9534474777, Daeva Tata,160
07-05-16,9252350612, Anushka Mody,80
07-05-16,9389644210, Brahma Swamy,220
07-05-16,9153022424, Hastin Mangal,180
07-05-16,9920950009, Rohan Sarma,160
07-05-16,9534474777, Daeva Tata,230
07-05-16,9359394987, Tarun Mapkar,260
07-05-16,9969345730, Kavi Edwin,100
08-05-16,9389644210, Brahma Swamy,130
08-05-16,9389644210, Brahma Swamy,120
08-05-16,9504662177, Tara Menon,220
08-05-16,9455622241, Shankara Narasimhan,150
08-05-16,9389644210, Brahma Swamy,90
08-05-16,9236367267, Takshaka Sandal,110
08-05-16,9330107696, Nipa Naidu,70
08-05-16,9927277067, Ranjan Khare,180
08-05-16,9140356318, Ballari Upadhyay,270
08-05-16,9389644210, Brahma Swamy,70
08-05-16,9518195948, Indra Chaudry,180
08-05-16,9976945538, Amitabha Kothari,270
08-05-16,9534474777, Daeva Tata,210
08-05-16,9504662177, Tara Menon,210
08-05-16,9293117791, Kumara Nayak,200
08-05-16,9293117791, Kumara Nayak,140
08-05-16,9248936762, Arpana Raja,110
08-05-16,9960294002, Mitra Gounder,240
08-05-16,9150159527, Leya Sankaran,140
08-05-16,9236367267, Takshaka Sandal,250
09-05-16,9732082404, Kali Chaudry,100
09-05-16,9521737322, Riddhi Nair,140
09-05-16,9293117791, Kumara Nayak,190
09-05-16,9590146908, Sachi Loliyekar,150
09-05-16,9688156631, Sahan Oak,220
09-05-16,9895408016, Mukul Krishna,230
09-05-16,9261697610, Niloufer Handa,130
09-05-16,9927277067, Ranjan Khare,170
09-05-16,9640338121, Brahma Swamy,230
09-05-16,9485132704, Sohalia Das,250
09-05-16,9330107696, Nipa Naidu,240
09-05-16,9389644210, Brahma Swamy,180
09-05-16,9389644210, Brahma Swamy,210
